type,name,module,path,hash
"csv","agent-manifest","_config","_config/agent-manifest.csv","97c1de15cf0467752e72aeeb65ee37696492cf3015203b77eb8a915a9e28ef04"
"csv","task-manifest","_config","_config/task-manifest.csv","bac7378952f0c79a48469b582997507b08cf08583b31b8aa6083791db959e0f0"
"csv","workflow-manifest","_config","_config/workflow-manifest.csv","beb00e6dd4cfdfb5f68434e69013b21ec7998cef3bdf3bba2fc2a92bca09b2da"
"yaml","manifest","_config","_config/manifest.yaml","93804f513316dc7728ae7c41d52c90eca8f5bc507e060ce90236a51352a135a9"
"md","documentation-standards","_memory","_memory/tech-writer-sidecar/documentation-standards.md","b046192ee42fcd1a3e9b2ae6911a0db38510323d072c8d75bad0594f943039e4"
"yaml","config","_memory","_memory/config.yaml","a6abc3e264a815cf9ee2c50443ce5bbaee17f683c80cd73a43ea2359094ca554"
"csv","default-party","bmm","bmm/teams/default-party.csv","5af107a5b9e9092aeb81bd8c8b9bbe7003afb7bc500e64d56da7cc27ae0c4a6e"
"csv","documentation-requirements","bmm","bmm/workflows/document-project/documentation-requirements.csv","d1253b99e88250f2130516b56027ed706e643bfec3d99316727a4c6ec65c6c1d"
"csv","domain-complexity","bmm","bmm/workflows/2-plan-workflows/create-prd/data/domain-complexity.csv","f775f09fb4dc1b9214ca22db4a3994ce53343d976d7f6e5384949835db6d2770"
"csv","domain-complexity","bmm","bmm/workflows/3-solutioning/create-architecture/data/domain-complexity.csv","3dc34ed39f1fc79a51f7b8fc92087edb7cd85c4393a891d220f2e8dd5a101c70"
"csv","module-help","bmm","bmm/module-help.csv","70ce6fcf717801e5b3d47f4d0496b027c5dc4e1ce0a0508613f5a4abd828a354"
"csv","project-types","bmm","bmm/workflows/2-plan-workflows/create-prd/data/project-types.csv","7a01d336e940fb7a59ff450064fd1194cdedda316370d939264a0a0adcc0aca3"
"csv","project-types","bmm","bmm/workflows/3-solutioning/create-architecture/data/project-types.csv","12343635a2f11343edb1d46906981d6f5e12b9cad2f612e13b09460b5e5106e7"
"json","project-scan-report-schema","bmm","bmm/workflows/document-project/templates/project-scan-report-schema.json","53255f15a10cab801a1d75b4318cdb0095eed08c51b3323b7e6c236ae6b399b7"
"md","architecture-decision-template","bmm","bmm/workflows/3-solutioning/create-architecture/architecture-decision-template.md","5d9adf90c28df61031079280fd2e49998ec3b44fb3757c6a202cda353e172e9f"
"md","checklist","bmm","bmm/workflows/4-implementation/code-review/checklist.md","e30d2890ba5c50777bbe04071f754e975a1d7ec168501f321a79169c4201dd28"
"md","checklist","bmm","bmm/workflows/4-implementation/correct-course/checklist.md","24a3f3e0108398d490dcfbe8669afc50226673cad494f16a668b515ab24bf709"
"md","checklist","bmm","bmm/workflows/4-implementation/create-story/checklist.md","5154aa874c6a79285eba644493e87411c6021baff72859490db6e693d15e0bb9"
"md","checklist","bmm","bmm/workflows/4-implementation/dev-story/checklist.md","630b68c6824a8785003a65553c1f335222b17be93b1bd80524c23b38bde1d8af"
"md","checklist","bmm","bmm/workflows/4-implementation/sprint-planning/checklist.md","80b10aedcf88ab1641b8e5f99c9a400c8fd9014f13ca65befc5c83992e367dd7"
"md","checklist","bmm","bmm/workflows/document-project/checklist.md","581b0b034c25de17ac3678db2dbafedaeb113de37ddf15a4df6584cf2324a7d7"
"md","checklist","bmm","bmm/workflows/qa/automate/checklist.md","83cd779c6527ff34184dc86f9eebfc0a8a921aee694f063208aee78f80a8fb12"
"md","deep-dive-instructions","bmm","bmm/workflows/document-project/workflows/deep-dive-instructions.md","8cb3d32d7685e5deff4731c2003d30b4321ef6c29247b3ddbe672c185e022604"
"md","deep-dive-template","bmm","bmm/workflows/document-project/templates/deep-dive-template.md","6198aa731d87d6a318b5b8d180fc29b9aa53ff0966e02391c17333818e94ffe9"
"md","epics-template","bmm","bmm/workflows/3-solutioning/create-epics-and-stories/templates/epics-template.md","b8ec5562b2a77efd80c40eba0421bbaab931681552e5a0ff01cd93902c447ff7"
"md","full-scan-instructions","bmm","bmm/workflows/document-project/workflows/full-scan-instructions.md","6c6e0d77b33f41757eed8ebf436d4def69cd6ce412395b047bf5909f66d876aa"
"md","index-template","bmm","bmm/workflows/document-project/templates/index-template.md","42c8a14f53088e4fda82f26a3fe41dc8a89d4bcb7a9659dd696136378b64ee90"
"md","instructions","bmm","bmm/workflows/4-implementation/correct-course/instructions.md","afdf74701cd2e1200efeb4af24e99a52b013c4c150c1736c56b5d34f003c0a94"
"md","instructions","bmm","bmm/workflows/4-implementation/retrospective/instructions.md","c1357ee8149935b391db1fd7cc9869bf3b450132f04d27fbb11906d421923bf8"
"md","instructions","bmm","bmm/workflows/4-implementation/sprint-planning/instructions.md","8ac972eb08068305223e37dceac9c3a22127062edae2692f95bc16b8dbafa046"
"md","instructions","bmm","bmm/workflows/4-implementation/sprint-status/instructions.md","0d2a75639c9e402c06bf0dfab51cdacf8f63e4401ae4bc5e7fe9e92e7779bba1"
"md","instructions","bmm","bmm/workflows/document-project/instructions.md","8807cf832c2bce8062280e10ae00928e4e147d148dd326fb6437571531e22723"
"md","instructions","bmm","bmm/workflows/qa/automate/instructions.md","3f3505f847f943b2f4a0699017c16e15fa3782f51090a0332304d7248e020e0c"
"md","prd-purpose","bmm","bmm/workflows/2-plan-workflows/create-prd/data/prd-purpose.md","49c4641b91504bb14e3887029b70beacaff83a2de200ced4f8cb11c1356ecaee"
"md","prd-template","bmm","bmm/workflows/2-plan-workflows/create-prd/templates/prd-template.md","7ccccab9c06a626b7a228783b0b9b6e4172e9ec0b10d47bbfab56958c898f837"
"md","product-brief.template","bmm","bmm/workflows/1-analysis/create-product-brief/product-brief.template.md","ae0f58b14455efd75a0d97ba68596a3f0b58f350cd1a0ee5b1af69540f949781"
"md","project-context-template","bmm","bmm/data/project-context-template.md","facd60b71649247146700b1dc7d709fa0ae09487f7cf2b5ff8f5ce1b3a8427e8"
"md","project-context-template","bmm","bmm/workflows/generate-project-context/project-context-template.md","54e351394ceceb0ac4b5b8135bb6295cf2c37f739c7fd11bb895ca16d79824a5"
"md","project-overview-template","bmm","bmm/workflows/document-project/templates/project-overview-template.md","a7c7325b75a5a678dca391b9b69b1e3409cfbe6da95e70443ed3ace164e287b2"
"md","readiness-report-template","bmm","bmm/workflows/3-solutioning/check-implementation-readiness/templates/readiness-report-template.md","0da97ab1e38818e642f36dc0ef24d2dae69fc6e0be59924dc2dbf44329738ff6"
"md","research.template","bmm","bmm/workflows/1-analysis/research/research.template.md","507bb6729476246b1ca2fca4693986d286a33af5529b6cd5cb1b0bb5ea9926ce"
"md","source-tree-template","bmm","bmm/workflows/document-project/templates/source-tree-template.md","109bc335ebb22f932b37c24cdc777a351264191825444a4d147c9b82a1e2ad7a"
"md","step-01-discover","bmm","bmm/workflows/generate-project-context/steps/step-01-discover.md","0f1455c018b2f6df0b896d25e677690e1cf58fa1b276d90f0723187d786d6613"
"md","step-01-document-discovery","bmm","bmm/workflows/3-solutioning/check-implementation-readiness/steps/step-01-document-discovery.md","9204972d801c28a76433230942c81bacc171e6b6951d3226cea9e7ca5c9310f1"
"md","step-01-init","bmm","bmm/workflows/1-analysis/create-product-brief/steps/step-01-init.md","256c5f87e9449ab921614e2f23644a6b5a1222178320d863429ee2a284905e32"
"md","step-01-init","bmm","bmm/workflows/1-analysis/research/domain-steps/step-01-init.md","efee243f13ef54401ded88f501967b8bc767460cec5561b2107fc03fe7b7eab1"
"md","step-01-init","bmm","bmm/workflows/1-analysis/research/market-steps/step-01-init.md","8dbd4a1520451945e8a5d5bccb489f9186b76f57f5bf3c77dbdf088e26ac7730"
"md","step-01-init","bmm","bmm/workflows/1-analysis/research/technical-steps/step-01-init.md","c9a1627ecd26227e944375eb691e7ee6bc9f5db29a428a5d53e5d6aef8bb9697"
"md","step-01-init","bmm","bmm/workflows/2-plan-workflows/create-prd/steps-c/step-01-init.md","6ad502fa5bf5639eaf6a42e8f0bc0f2b811e0a3fd2ae3a24ed3333365f99e23c"
"md","step-01-init","bmm","bmm/workflows/2-plan-workflows/create-ux-design/steps/step-01-init.md","7b3467a29126c9498b57b06d688f610bcb7a68a8975208c209dd1103546bc455"
"md","step-01-init","bmm","bmm/workflows/3-solutioning/create-architecture/steps/step-01-init.md","c730b1f23f0298853e5bf0b9007c2fc86e835fb3d53455d2068a6965d1192f49"
"md","step-01-mode-detection","bmm","bmm/workflows/bmad-quick-flow/quick-dev/steps/step-01-mode-detection.md","d3170f565ed21633a1f08b50c90349c93d1ec362fe6ec86c746f507796acd745"
"md","step-01-understand","bmm","bmm/workflows/bmad-quick-flow/quick-spec/steps/step-01-understand.md","a65eb3b993d83f24c4f14cd0117d1c21ad5013b32fcdcf7276c6e4ba0aed7d61"
"md","step-01-validate-prerequisites","bmm","bmm/workflows/3-solutioning/create-epics-and-stories/steps/step-01-validate-prerequisites.md","5ba8ba972e8376339ed2c9b75e4f98125521af0270bb5dff6e47ec73137e01de"
"md","step-01b-continue","bmm","bmm/workflows/1-analysis/create-product-brief/steps/step-01b-continue.md","08bd92dc8486983ac8b5b19efd943d2fd83f2a6f6ba247aad9bb075e12b20860"
"md","step-01b-continue","bmm","bmm/workflows/2-plan-workflows/create-prd/steps-c/step-01b-continue.md","4e8af43d1847236333566efaa4b0b5e63d706e673872705ee6f215a7ccb9d715"
"md","step-01b-continue","bmm","bmm/workflows/2-plan-workflows/create-ux-design/steps/step-01b-continue.md","fde4bf8fa3a6d3230d20cb23e71cbc8e2db1cd2b30b693e13d0b3184bc6bb9a6"
"md","step-01b-continue","bmm","bmm/workflows/3-solutioning/create-architecture/steps/step-01b-continue.md","c6cc389b49682a8835382d477d803a75acbad01b24da1b7074ce140d82b278dc"
"md","step-02-context","bmm","bmm/workflows/3-solutioning/create-architecture/steps/step-02-context.md","07387b1d8c2f92c646bdbad88ad1401d0295c3adecc1637f07630173d8939088"
"md","step-02-context-gathering","bmm","bmm/workflows/bmad-quick-flow/quick-dev/steps/step-02-context-gathering.md","a79d99cc35e43442acda2ce7da80f26f4f50e2be08f38c10e4e5695ce0ff6016"
"md","step-02-customer-behavior","bmm","bmm/workflows/1-analysis/research/market-steps/step-02-customer-behavior.md","ca77a54143c2df684cf859e10cea48c6ea1ce8e297068a0f0f26ee63d3170c1e"
"md","step-02-design-epics","bmm","bmm/workflows/3-solutioning/create-epics-and-stories/steps/step-02-design-epics.md","2c18d76a9b73eae8b9f552cd4252f8208a0c017624ddbaf6bcbe7b28ddfa217e"
"md","step-02-discovery","bmm","bmm/workflows/2-plan-workflows/create-prd/steps-c/step-02-discovery.md","d13de9d4a4af17f04ae1af7966b3071af54a6445c0944ee83af129ef078ebe5d"
"md","step-02-discovery","bmm","bmm/workflows/2-plan-workflows/create-ux-design/steps/step-02-discovery.md","6d340f83d62f873a4c09371a38c77dc9ce9726cd6cd1cf9bf89ddec09f36af4c"
"md","step-02-domain-analysis","bmm","bmm/workflows/1-analysis/research/domain-steps/step-02-domain-analysis.md","385a288d9bbb0adf050bcce4da4dad198a9151822f9766900404636f2b0c7f9d"
"md","step-02-generate","bmm","bmm/workflows/generate-project-context/steps/step-02-generate.md","0fff27dab748b4600d02d2fb083513fa4a4e061ed66828b633f7998fcf8257e1"
"md","step-02-investigate","bmm","bmm/workflows/bmad-quick-flow/quick-spec/steps/step-02-investigate.md","dafa8215d11132018f0ca706d4c1073cc7c97ae006f0f0b7667978e84bfbee3e"
"md","step-02-prd-analysis","bmm","bmm/workflows/3-solutioning/check-implementation-readiness/steps/step-02-prd-analysis.md","f8c4f293c0a040fa9f73829ffeabfa073d0a8ade583adaefb26431ec83a76398"
"md","step-02-technical-overview","bmm","bmm/workflows/1-analysis/research/technical-steps/step-02-technical-overview.md","9c7582241038b16280cddce86f2943216541275daf0a935dcab78f362904b305"
"md","step-02-vision","bmm","bmm/workflows/1-analysis/create-product-brief/steps/step-02-vision.md","a6262132ec081165358941df207d02e29e5ab00b4f516adf2772effa46d21dd5"
"md","step-03-competitive-landscape","bmm","bmm/workflows/1-analysis/research/domain-steps/step-03-competitive-landscape.md","f10aa088ba00c59491507f6519fb314139f8be6807958bb5fd1b66bff2267749"
"md","step-03-complete","bmm","bmm/workflows/generate-project-context/steps/step-03-complete.md","cf8d1d1904aeddaddb043c3c365d026cd238891cd702c2b78bae032a8e08ae17"
"md","step-03-core-experience","bmm","bmm/workflows/2-plan-workflows/create-ux-design/steps/step-03-core-experience.md","b23ce8244db8a183761a9420fa54ff285bbf7c54b2d30c62c32d3cf8cb4c2f00"
"md","step-03-create-stories","bmm","bmm/workflows/3-solutioning/create-epics-and-stories/steps/step-03-create-stories.md","e6deb22291f05a96e56f5cb3ab88eca3bb6df564208edd8fcc693d4c27139f29"
"md","step-03-customer-pain-points","bmm","bmm/workflows/1-analysis/research/market-steps/step-03-customer-pain-points.md","ce7394a73a7d3dd627280a8bef0ed04c11e4036275acc4b50c666fd1d84172c4"
"md","step-03-epic-coverage-validation","bmm","bmm/workflows/3-solutioning/check-implementation-readiness/steps/step-03-epic-coverage-validation.md","f425bcac163b9ea63a004039ff65fffea3499d9e01a2821bb11e0e17e6b6fc52"
"md","step-03-execute","bmm","bmm/workflows/bmad-quick-flow/quick-dev/steps/step-03-execute.md","463a7865ed9efde3cf073e87ecae591bd668f62746b42f4f4c94a1ba4e4b9da0"
"md","step-03-generate","bmm","bmm/workflows/bmad-quick-flow/quick-spec/steps/step-03-generate.md","c59fe4fe129c2b0461ba0382fdbfcf9160c1997a1a0dca271261bdf006ff2364"
"md","step-03-integration-patterns","bmm","bmm/workflows/1-analysis/research/technical-steps/step-03-integration-patterns.md","005d517a2f962e2172e26b23d10d5e6684c7736c0d3982e27b2e72d905814ad9"
"md","step-03-starter","bmm","bmm/workflows/3-solutioning/create-architecture/steps/step-03-starter.md","535124eb8228ffa628fee5b2e89b9a66d4c2c5d29485c11ccc0d1062b6d674e2"
"md","step-03-success","bmm","bmm/workflows/2-plan-workflows/create-prd/steps-c/step-03-success.md","7b7b339c36ab34953dc542f48a3ed38da420078ee62bbf840a4cb939a3121567"
"md","step-03-users","bmm","bmm/workflows/1-analysis/create-product-brief/steps/step-03-users.md","7d3884a502341bd5912eac8b24af5bb961385f353b4a37cee916f0a2b2226b97"
"md","step-04-architectural-patterns","bmm","bmm/workflows/1-analysis/research/technical-steps/step-04-architectural-patterns.md","4636f23e9c585a7a0c90437a660609d913f16362c3557fc2e71d408d6b9f46ce"
"md","step-04-customer-decisions","bmm","bmm/workflows/1-analysis/research/market-steps/step-04-customer-decisions.md","17dde68d655f7c66b47ed59088c841d28d206ee02137388534b141d9a8465cf9"
"md","step-04-decisions","bmm","bmm/workflows/3-solutioning/create-architecture/steps/step-04-decisions.md","41829279a6ffec9b87870fc0a87e8738b529f07f47ec65dabd983e39d582f8b8"
"md","step-04-emotional-response","bmm","bmm/workflows/2-plan-workflows/create-ux-design/steps/step-04-emotional-response.md","45ff4c3e907f32c91d78f101a78b075f5731642628474c36b7e06c13fd9519e6"
"md","step-04-final-validation","bmm","bmm/workflows/3-solutioning/create-epics-and-stories/steps/step-04-final-validation.md","c507a3ddf39f657d1c9934c9105d079a7fe78694f19bd519e845a010b3afbda4"
"md","step-04-journeys","bmm","bmm/workflows/2-plan-workflows/create-prd/steps-c/step-04-journeys.md","ff297509882def062ab58de4ae922472dd05b562338689c8ac25a24bedad7dca"
"md","step-04-metrics","bmm","bmm/workflows/1-analysis/create-product-brief/steps/step-04-metrics.md","887af175137069fe498f1fd26db2995d1ad00d658cf15598846ae30d03ce0ce5"
"md","step-04-regulatory-focus","bmm","bmm/workflows/1-analysis/research/domain-steps/step-04-regulatory-focus.md","d22035529efe91993e698b4ebf297bf2e7593eb41d185a661c357a8afc08977b"
"md","step-04-review","bmm","bmm/workflows/bmad-quick-flow/quick-spec/steps/step-04-review.md","aa246ba5793f3a1c6dd434b388b41ccfb9e675bb55664a900a4eb2486e2a40e3"
"md","step-04-self-check","bmm","bmm/workflows/bmad-quick-flow/quick-dev/steps/step-04-self-check.md","14e852bf6fa6f19a7457a774f255e1bc6247e6926a9d69d7631b832bf8e7e723"
"md","step-04-ux-alignment","bmm","bmm/workflows/3-solutioning/check-implementation-readiness/steps/step-04-ux-alignment.md","d2e15adf2aecc2c72f9bb9051e94042fc522fd7cfb16376f41bdcdd294319703"
"md","step-05-adversarial-review","bmm","bmm/workflows/bmad-quick-flow/quick-dev/steps/step-05-adversarial-review.md","310bebff807efed4523acf507cfe98ff9bead3965627f969585ba8c12326d93f"
"md","step-05-competitive-analysis","bmm","bmm/workflows/1-analysis/research/market-steps/step-05-competitive-analysis.md","ff6f606a80ffaf09aa325e38a4ceb321b97019e6542241b2ed4e8eb38b35efa8"
"md","step-05-domain","bmm","bmm/workflows/2-plan-workflows/create-prd/steps-c/step-05-domain.md","af444794fffb622cd2d18604ed189cd2efe86c34626d16b5ac1c43b6c14ed551"
"md","step-05-epic-quality-review","bmm","bmm/workflows/3-solutioning/check-implementation-readiness/steps/step-05-epic-quality-review.md","e7fd60676d6ade485de77ce2dd4229811912594cb924d6c15bae5d9bdf105a7d"
"md","step-05-implementation-research","bmm","bmm/workflows/1-analysis/research/technical-steps/step-05-implementation-research.md","e2b8a2c79bcebadc85f3823145980fa47d7e7be8d1c112f686c6223c8c138608"
"md","step-05-inspiration","bmm","bmm/workflows/2-plan-workflows/create-ux-design/steps/step-05-inspiration.md","74ea94822de791eb24f2e2ca39c3acf01a98b2184f23b1c980e2ada6fd11ae5e"
"md","step-05-patterns","bmm","bmm/workflows/3-solutioning/create-architecture/steps/step-05-patterns.md","b6bbca68efc7ff66d2f0fc39d8219898c63fd9c0923cb020ad8ac0d469e6fcff"
"md","step-05-scope","bmm","bmm/workflows/1-analysis/create-product-brief/steps/step-05-scope.md","bd7f8878dd8058e1932151d8cbc468bfc2c6dadb0258d93ed967189d0629dff4"
"md","step-05-technical-trends","bmm","bmm/workflows/1-analysis/research/domain-steps/step-05-technical-trends.md","fd6c577010171679f630805eb76e09daf823c2b9770eb716986d01f351ce1fb4"
"md","step-06-complete","bmm","bmm/workflows/1-analysis/create-product-brief/steps/step-06-complete.md","6594a18f37063fcaa0341845df7e59c7bae9543eb4d32d4a3a8e5fdd77402972"
"md","step-06-design-system","bmm","bmm/workflows/2-plan-workflows/create-ux-design/steps/step-06-design-system.md","6e3ead73073ef51ac952f4cf9491635e5d6825525a4af5d5cbf6e2675db69404"
"md","step-06-final-assessment","bmm","bmm/workflows/3-solutioning/check-implementation-readiness/steps/step-06-final-assessment.md","813329a73f0e48374f337ec719e6b7715b95fb3ba43645143b882ea41acc4d91"
"md","step-06-innovation","bmm","bmm/workflows/2-plan-workflows/create-prd/steps-c/step-06-innovation.md","efdd55674bd8329a5d963396c841523d73ffebd168add77bc01425e478e22bc4"
"md","step-06-research-completion","bmm","bmm/workflows/1-analysis/research/market-steps/step-06-research-completion.md","30d5e14f39df193ebce952dfed2bd4009d68fe844e28ad3a29f5667382ebc6d2"
"md","step-06-research-synthesis","bmm","bmm/workflows/1-analysis/research/domain-steps/step-06-research-synthesis.md","4c7727b8d3c6272c1b2b84ea58a67fc86cafab3472c0caf54e8b8cee3fa411fc"
"md","step-06-research-synthesis","bmm","bmm/workflows/1-analysis/research/technical-steps/step-06-research-synthesis.md","1f12aaeccd2d3225608ba00117c567a2097d22d35a5ba7580b45fb9c0a1d2814"
"md","step-06-resolve-findings","bmm","bmm/workflows/bmad-quick-flow/quick-dev/steps/step-06-resolve-findings.md","e657af6e3687e15852c860f018b73aa263bdcf6b9d544771a8c0c715581a2c99"
"md","step-06-structure","bmm","bmm/workflows/3-solutioning/create-architecture/steps/step-06-structure.md","716819821cf7e2a6ce5852785e86e2c77c9f8d1d24e08b86889854365a78e552"
"md","step-07-defining-experience","bmm","bmm/workflows/2-plan-workflows/create-ux-design/steps/step-07-defining-experience.md","89964c435273a08b3065732a23bc0c3bc1290ac2ecd9339d9ff2eb6ecb890b06"
"md","step-07-project-type","bmm","bmm/workflows/2-plan-workflows/create-prd/steps-c/step-07-project-type.md","325e9853015fb844fc80c0b7c00526d0107dcae9a1bfe3b57d956940fc9e29ba"
"md","step-07-validation","bmm","bmm/workflows/3-solutioning/create-architecture/steps/step-07-validation.md","1305a67b660fcd61346de2bb8087547c8414f60381ba896762d71f6fa9cebeaf"
"md","step-08-complete","bmm","bmm/workflows/3-solutioning/create-architecture/steps/step-08-complete.md","b4dc514afd17e836458f6eb786318fdc2ecee1466c673eca4c800955ffae52e4"
"md","step-08-scoping","bmm","bmm/workflows/2-plan-workflows/create-prd/steps-c/step-08-scoping.md","8e043d237fb7d3af77b5375629dd4e47054832c98279024d66e090d48d766075"
"md","step-08-visual-foundation","bmm","bmm/workflows/2-plan-workflows/create-ux-design/steps/step-08-visual-foundation.md","8aee1183b3c0e5f379e2c20512665e06ef1189d357ac9a845e3616be35a79c47"
"md","step-09-design-directions","bmm","bmm/workflows/2-plan-workflows/create-ux-design/steps/step-09-design-directions.md","6ab5f1302ec43aed52f45a2842ae49dc4bd98b2d12109d5657c9f04e4b434f89"
"md","step-09-functional","bmm","bmm/workflows/2-plan-workflows/create-prd/steps-c/step-09-functional.md","13ced8348b8bb0b7cd88f0400b538fabbcb1fb3c23525bf4fffb7ca9f4c37c8c"
"md","step-10-nonfunctional","bmm","bmm/workflows/2-plan-workflows/create-prd/steps-c/step-10-nonfunctional.md","e37395a792ac3b81c635993c27748ebd6d781c755ed49e580cd7c78e5486a012"
"md","step-10-user-journeys","bmm","bmm/workflows/2-plan-workflows/create-ux-design/steps/step-10-user-journeys.md","30866f55e179d0985efcf57120e63dfbb1fa3ddb6fa9623c4ee0e0b9738f0467"
"md","step-11-component-strategy","bmm","bmm/workflows/2-plan-workflows/create-ux-design/steps/step-11-component-strategy.md","ed805fafa72fb703b1e89b3c59c0c2dbe99c3021e009858602a92cfb473727a6"
"md","step-11-polish","bmm","bmm/workflows/2-plan-workflows/create-prd/steps-c/step-11-polish.md","935655a256562b6b3420c091a56067c34c35819343a78927ca138c9ea8b92a97"
"md","step-12-complete","bmm","bmm/workflows/2-plan-workflows/create-prd/steps-c/step-12-complete.md","5443ef1e08c70fdd15092db6f65cb67fe2cded357ed1b5f4918398e404901bf8"
"md","step-12-ux-patterns","bmm","bmm/workflows/2-plan-workflows/create-ux-design/steps/step-12-ux-patterns.md","d9bfabc5322aca6e2ba512fa6b39bcdac885b8010dd8c4768c10e33524a04b08"
"md","step-13-responsive-accessibility","bmm","bmm/workflows/2-plan-workflows/create-ux-design/steps/step-13-responsive-accessibility.md","f9f2ae70026eb5524a372332632240cea765360ed90a47fea316a65cc3e0e7ce"
"md","step-14-complete","bmm","bmm/workflows/2-plan-workflows/create-ux-design/steps/step-14-complete.md","73cc7521dad3db2c730b06731a90df40016e67bdfefa6b6537a18d979c0f14df"
"md","step-e-01-discovery","bmm","bmm/workflows/2-plan-workflows/create-prd/steps-e/step-e-01-discovery.md","2bc88c9480ac5986c06672533ab2080b1ee01086033c8e441a8c80551c8a99ee"
"md","step-e-01b-legacy-conversion","bmm","bmm/workflows/2-plan-workflows/create-prd/steps-e/step-e-01b-legacy-conversion.md","e6bbe9020e6986a620fc0299a48e6c31c9d1ec14691df11be71baeb79837bc92"
"md","step-e-02-review","bmm","bmm/workflows/2-plan-workflows/create-prd/steps-e/step-e-02-review.md","b2660d88a445dc3f8f168f96ca92d4a1a36949e3b39fbf6cda5c77129636d9b1"
"md","step-e-03-edit","bmm","bmm/workflows/2-plan-workflows/create-prd/steps-e/step-e-03-edit.md","dfcc3e4f0b1ec050d4985af04dc02b28174a995e95327ca01ae4b8cac10cc1e5"
"md","step-e-04-complete","bmm","bmm/workflows/2-plan-workflows/create-prd/steps-e/step-e-04-complete.md","a1100f8639120311cbaf5a5a880db4e137216bc4bd0110b0926004107a99d3c3"
"md","step-v-01-discovery","bmm","bmm/workflows/2-plan-workflows/create-prd/steps-v/step-v-01-discovery.md","287c39e44b32faab52fb155a4a30ab3f31cf6ef5c599b8b15687e5bb3c97a447"
"md","step-v-02-format-detection","bmm","bmm/workflows/2-plan-workflows/create-prd/steps-v/step-v-02-format-detection.md","251ea5a1cf7779db2dc39d5d8317976a27f84b421359c1974ae96c0943094341"
"md","step-v-02b-parity-check","bmm","bmm/workflows/2-plan-workflows/create-prd/steps-v/step-v-02b-parity-check.md","3481beae212bb0140c105d0ae87bb9714859c93a471048048512fd1278da2fcd"
"md","step-v-03-density-validation","bmm","bmm/workflows/2-plan-workflows/create-prd/steps-v/step-v-03-density-validation.md","5b95ecd032fb65f86b7eee7ce7c30c997dc2a8b5e4846d88c2853538591a9e40"
"md","step-v-04-brief-coverage-validation","bmm","bmm/workflows/2-plan-workflows/create-prd/steps-v/step-v-04-brief-coverage-validation.md","97eb248c7d67e6e5121dd0b020409583998fba433799ea4c5c8cb40c7ff9c7c1"
"md","step-v-05-measurability-validation","bmm","bmm/workflows/2-plan-workflows/create-prd/steps-v/step-v-05-measurability-validation.md","2f331ee6d4f174dec0e4b434bf7691bfcf3a13c6ee0c47a65989badaa6b6a28c"
"md","step-v-06-traceability-validation","bmm","bmm/workflows/2-plan-workflows/create-prd/steps-v/step-v-06-traceability-validation.md","970ea67486211a611a701e1490ab7e8f2f98060a9f78760b6ebfdb9f37743c74"
"md","step-v-07-implementation-leakage-validation","bmm","bmm/workflows/2-plan-workflows/create-prd/steps-v/step-v-07-implementation-leakage-validation.md","f75d1d808fdf3d61b15bea55418b82df747f45902b6b22fe541e83b4ea3fa465"
"md","step-v-08-domain-compliance-validation","bmm","bmm/workflows/2-plan-workflows/create-prd/steps-v/step-v-08-domain-compliance-validation.md","a1902baaf4eaaf946e5c2c2101a1ac46f8ee4397e599218b8dc030cd00c97512"
"md","step-v-09-project-type-validation","bmm","bmm/workflows/2-plan-workflows/create-prd/steps-v/step-v-09-project-type-validation.md","d53e95264625335184284d3f9d0fc6e7674f67bdf97e19362fc33df4bea7f096"
"md","step-v-10-smart-validation","bmm","bmm/workflows/2-plan-workflows/create-prd/steps-v/step-v-10-smart-validation.md","22d48a72bc599f45bbf8c3e81d651d3a1265a6450866c0689bf287f43d7874a4"
"md","step-v-11-holistic-quality-validation","bmm","bmm/workflows/2-plan-workflows/create-prd/steps-v/step-v-11-holistic-quality-validation.md","1022a1454aadff28e39fd5fa71dd76d8eefccfe438b9ef517a19b44d935c0f5b"
"md","step-v-12-completeness-validation","bmm","bmm/workflows/2-plan-workflows/create-prd/steps-v/step-v-12-completeness-validation.md","c966933a0ca3753db75591325cef4d4bdaf9639a1a63f9438758d32f7e1a1dda"
"md","step-v-13-report-complete","bmm","bmm/workflows/2-plan-workflows/create-prd/steps-v/step-v-13-report-complete.md","9184ef4045829406323c714044ca9c70152ad425e559019633b13829434f6378"
"md","tech-spec-template","bmm","bmm/workflows/bmad-quick-flow/quick-spec/tech-spec-template.md","6e0ac4991508fec75d33bbe36197e1576d7b2a1ea7ceba656d616e7d7dadcf03"
"md","template","bmm","bmm/workflows/4-implementation/create-story/template.md","29ba697368d77e88e88d0e7ac78caf7a78785a7dcfc291082aa96a62948afb67"
"md","ux-design-template","bmm","bmm/workflows/2-plan-workflows/create-ux-design/ux-design-template.md","ffa4b89376cd9db6faab682710b7ce755990b1197a8b3e16b17748656d1fca6a"
"md","workflow","bmm","bmm/workflows/1-analysis/create-product-brief/workflow.md","5858d72a2fd8010a40d86d7e7581e44af9eb3432f13a236575035a21807e755a"
"md","workflow","bmm","bmm/workflows/2-plan-workflows/create-ux-design/workflow.md","10ffb0f43a4e204ecd1a67bf5bff52d6929847651ad096bbe833cf1f0eb198c5"
"md","workflow","bmm","bmm/workflows/3-solutioning/check-implementation-readiness/workflow.md","ddfe66e2ced3a092d0be1606d36c5eb9610602e939059c902b22da1aa202e904"
"md","workflow","bmm","bmm/workflows/3-solutioning/create-architecture/workflow.md","ad930c2c9b991fb56f0d04cfdbc69d04bffd5df2c515ca570ad7d388f56a055c"
"md","workflow","bmm","bmm/workflows/3-solutioning/create-epics-and-stories/workflow.md","d40eb6e04de52d4265af460322a9487bb2c241453b0a59940e1bb04836a7ba65"
"md","workflow","bmm","bmm/workflows/bmad-quick-flow/quick-dev/workflow.md","7e13f74e23f9de40ed15140b5cadb28a7462ad019dc345422b3aede59ad8e7f7"
"md","workflow","bmm","bmm/workflows/bmad-quick-flow/quick-spec/workflow.md","e7856a24e0f39108ae494569b8ceb2eb1ca10588ed3869c5feef98832c54db78"
"md","workflow","bmm","bmm/workflows/generate-project-context/workflow.md","0da857be1b7fb46fc29afba22b78a8b2150b17db36db68fd254ad925a20666aa"
"md","workflow-create-prd","bmm","bmm/workflows/2-plan-workflows/create-prd/workflow-create-prd.md","2331a3f02fd4bc3628e3bb1684645e8392a77e8b5b9f918e55554616a2bfe06b"
"md","workflow-domain-research","bmm","bmm/workflows/1-analysis/research/workflow-domain-research.md","137509e99ad4b11c391ebe87832d4820c46da75ed8570dd5b5a71f4372b75c73"
"md","workflow-edit-prd","bmm","bmm/workflows/2-plan-workflows/create-prd/workflow-edit-prd.md","e433664058429f54b49237ad7b2eba43fb115b8b9c68c87846f9523405ac73ef"
"md","workflow-market-research","bmm","bmm/workflows/1-analysis/research/workflow-market-research.md","2798d9cbeab426df7f2bcc228771fc5d5e1a58302eef769e2bbd36ce7d7f43e4"
"md","workflow-technical-research","bmm","bmm/workflows/1-analysis/research/workflow-technical-research.md","16974efc305ab195209232eea5e7ab828df2c6244b8c2ba7ca4a517e90b38b64"
"md","workflow-validate-prd","bmm","bmm/workflows/2-plan-workflows/create-prd/workflow-validate-prd.md","5f7d3a188b5c68fb621b31da4ba62b75444615a0f8eadfe8c505c11f4a8e404c"
"xml","instructions","bmm","bmm/workflows/4-implementation/code-review/instructions.xml","1a6f0ae7d69a5c27b09de3efab2b205a007b466976acdeeaebf7f3abec7feb68"
"xml","instructions","bmm","bmm/workflows/4-implementation/create-story/instructions.xml","38eae4b503711a162f55ccd41b770248581a4357cbbfe1cf1bb34520307ccd63"
"xml","instructions","bmm","bmm/workflows/4-implementation/dev-story/instructions.xml","396eba2694f455e9aa8f0e123b4147799e07205cfb666a411e8a5d0d4b6b5daa"
"yaml","config","bmm","bmm/config.yaml","369a702f0bf4ef01ddd56e01c04751c8e4119b4afa2d04aedae5f53bcdbb715b"
"yaml","deep-dive","bmm","bmm/workflows/document-project/workflows/deep-dive.yaml","a16b5d121604ca00fffdcb04416daf518ec2671a3251b7876c4b590d25d96945"
"yaml","full-scan","bmm","bmm/workflows/document-project/workflows/full-scan.yaml","8ba79b190733006499515d9d805f4eacd90a420ffc454e04976948c114806c25"
"yaml","sprint-status-template","bmm","bmm/workflows/4-implementation/sprint-planning/sprint-status-template.yaml","0d7fe922f21d4f00e538c265ff90e470c3e2eca761e663d84b7a1320b2f25980"
"yaml","team-fullstack","bmm","bmm/teams/team-fullstack.yaml","da8346b10dfad8e1164a11abeb3b0a84a1d8b5f04e01e8490a44ffca477a1b96"
"yaml","workflow","bmm","bmm/workflows/4-implementation/code-review/workflow.yaml","4ddef804c51bd83ad51f39e752333383ab559c0986efb8404b659e4728c81ad8"
"yaml","workflow","bmm","bmm/workflows/4-implementation/correct-course/workflow.yaml","0d9c4502fc2f9524644918e33271d648bf7929e91eba8645e39d7d7c7e67eac7"
"yaml","workflow","bmm","bmm/workflows/4-implementation/create-story/workflow.yaml","7989989306494ad06bd5a08f9be73b50d791389226c3b2c8c281ffb8d078d70a"
"yaml","workflow","bmm","bmm/workflows/4-implementation/dev-story/workflow.yaml","36d144a797706f438f973d4fe0679b98096eb1b911f8b7df3f9a8db4fab5e9d2"
"yaml","workflow","bmm","bmm/workflows/4-implementation/retrospective/workflow.yaml","7eac3fda56bb7106a160b446121de55b25d20d60eadcf2caf1ca3245ad84208f"
"yaml","workflow","bmm","bmm/workflows/4-implementation/sprint-planning/workflow.yaml","3f31e4b0973525228549cef18123816d82dc45741dab1f48720eefb191876f81"
"yaml","workflow","bmm","bmm/workflows/4-implementation/sprint-status/workflow.yaml","f03d2804afca3ee29a612117f6bf090b455354a3557c2198ec9b8eb5c5900cef"
"yaml","workflow","bmm","bmm/workflows/document-project/workflow.yaml","9e2886d022d4054c0e6ca6580673f775415add7924961d6723ed13156200a819"
"yaml","workflow","bmm","bmm/workflows/qa/automate/workflow.yaml","670d28da3e20a445ae08ab3e907eaf3eaf13d9a08c4b26244344a0fd8f54a399"
"csv","brain-methods","core","core/workflows/brainstorming/brain-methods.csv","0ab5878b1dbc9e3fa98cb72abfc3920a586b9e2b42609211bb0516eefd542039"
"csv","methods","core","core/workflows/advanced-elicitation/methods.csv","e08b2e22fec700274982e37be608d6c3d1d4d0c04fa0bae05aa9dba2454e6141"
"csv","module-help","core","core/module-help.csv","4227d475748e8067aeae3e1a67d7b6235c109da13b2ef9131db930083dcb348d"
"md","help","core","core/tasks/help.md","950439aaff47aa25f94ede360ce8f8a47bf29c52b7f19c76a45960e8687fe726"
"md","step-01-agent-loading","core","core/workflows/party-mode/steps/step-01-agent-loading.md","04ab6b6247564f7edcd5c503f5ca7d27ae688b09bbe2e24345550963a016e9f9"
"md","step-01-session-setup","core","core/workflows/brainstorming/steps/step-01-session-setup.md","bc09cc22a0465b316ff3c13903b753768fa31d83abd3f9fc328631db63dc0cf8"
"md","step-01b-continue","core","core/workflows/brainstorming/steps/step-01b-continue.md","d76a406e0ff0a0e58006ec671b56f19a059e98cfebba4c0724ae6ccdd9303e7f"
"md","step-02-discussion-orchestration","core","core/workflows/party-mode/steps/step-02-discussion-orchestration.md","a8a79890bd03237e20f1293045ecf06f9a62bc590f5c2d4f88e250cee40abb0b"
"md","step-02a-user-selected","core","core/workflows/brainstorming/steps/step-02a-user-selected.md","558b162466745b92687a5d6e218f243a98436dd177b2d5544846c5ff4497cc94"
"md","step-02b-ai-recommended","core","core/workflows/brainstorming/steps/step-02b-ai-recommended.md","99aa935279889f278dcb2a61ba191600a18e9db356dd8ce62f0048d3c37c9531"
"md","step-02c-random-selection","core","core/workflows/brainstorming/steps/step-02c-random-selection.md","f188c260c321c7f026051fefcd267a26ee18ce2a07f64bab7f453c0c3e483316"
"md","step-02d-progressive-flow","core","core/workflows/brainstorming/steps/step-02d-progressive-flow.md","a28c7a3edf34ceb0eea203bf7dc80f39ca04974f6d1ec243f0a088281b2e55de"
"md","step-03-graceful-exit","core","core/workflows/party-mode/steps/step-03-graceful-exit.md","bdecc33004d73238ca05d8fc9d6b86cba89833630956f53ecd82ec3715c5f0da"
"md","step-03-technique-execution","core","core/workflows/brainstorming/steps/step-03-technique-execution.md","9e6abceec5f774c57cd5205e30a1f24a95441131dbffcae9c3dce72111f95ceb"
"md","step-04-idea-organization","core","core/workflows/brainstorming/steps/step-04-idea-organization.md","5224490c33bf4b23b2897f3bcf12abe0b1ced306541dd60c21df0ce9fc65d1ac"
"md","template","core","core/workflows/brainstorming/template.md","5c99d76963eb5fc21db96c5a68f39711dca7c6ed30e4f7d22aedee9e8bb964f9"
"md","workflow","core","core/workflows/brainstorming/workflow.md","7d7f957ccd176faed2551e3089abfa49032963e980b5643d9384690af3d61203"
"md","workflow","core","core/workflows/party-mode/workflow.md","f8537e152df8db331d86e2a37e5ced55bccff3a71e290f82eb754d28c0c9ec08"
"xml","editorial-review-prose","core","core/tasks/editorial-review-prose.xml","49f462ddc5f20a6e2abf14e4b8f3a25c70885c6a6d776ef4674739dd7880988a"
"xml","editorial-review-structure","core","core/tasks/editorial-review-structure.xml","307edce94877dacdaafb10f7ea39115944c7d19e57228a7859abf2fee8b1a177"
"xml","index-docs","core","core/tasks/index-docs.xml","90076db678b1d65b4dd8b166731584fafc68e660e5015f309a1c78aae6e25a28"
"xml","review-adversarial-general","core","core/tasks/review-adversarial-general.xml","347436fde09411caaab10ff97e4cbd2bfef31dbe9f8db9e0eb49c3ed361ede7b"
"xml","shard-doc","core","core/tasks/shard-doc.xml","947f2c7d4f6bb269ad0bcc1a03227d0d6da642d9df47894b8ba215c5149aed3d"
"xml","workflow","core","core/tasks/workflow.xml","17bca7fa63bae20aaac4768d81463a7a2de7f80b60d4d9a8f36b70821ba86cfd"
"xml","workflow","core","core/workflows/advanced-elicitation/workflow.xml","ead4dc1e50c95d8966b3676842a57fca97c70d83f1f3b9e9c2d746821e6868b4"
"yaml","config","core","core/config.yaml","ba4b61e9706ac7b7134ead5a5e295a538eb73682bc86beca8de5328dba1a7afe"
"csv","default-party","tea","tea/teams/default-party.csv","b41cb24a2367b6d856c14f955d59b3e924ebead6c7a5ffba0d5c4c1d02cae0fb"
"csv","module-help","tea","tea/module-help.csv","d43c9b997ceb1e9980e16f2e708bad069cc82c4e3aada5a1b622e25794f5f082"
"csv","tea-index","tea","tea/testarch/tea-index.csv","8b1b6012a18404016de6d411898944e08282727f885029e9be15a4a1494eb41a"
"groovy","jenkins-pipeline-template","tea","tea/workflows/testarch/bmad-testarch-ci/jenkins-pipeline-template.groovy","f2b75c5ba3eda7537044909830ca674d794eaa929bcd032fcc2c523709b9bb77"
"md","adr-quality-readiness-checklist","tea","tea/testarch/knowledge/adr-quality-readiness-checklist.md","a8129b16c3b2afbc1f58fe5edc73dc8f1291c172c6ca009d92f1947bef1a237e"
"md","api-request","tea","tea/testarch/knowledge/api-request.md","d14f6e26151c48424d60cde5db81c0ffc8ec72eaf3357f27b4e137f222a4c4e3"
"md","api-testing-patterns","tea","tea/testarch/knowledge/api-testing-patterns.md","4b1b7069737d4916853f1393d1cd804ce7061454ad250fb919046a78b77c2648"
"md","atdd-checklist-template","tea","tea/workflows/testarch/bmad-testarch-atdd/atdd-checklist-template.md","352e3f331dea9ddc975487ef32bef01edcd838200740f55adfd81ddd37b8384f"
"md","auth-session","tea","tea/testarch/knowledge/auth-session.md","2b3de2a9468caf85f0e47ba9d79b142f424b6c10e3a342c264f1cf73d2f70ddc"
"md","burn-in","tea","tea/testarch/knowledge/burn-in.md","5ba3d2abe6b961e5bc3948ab165e801195bff3ee6e66569c00c219b484aa4b5d"
"md","certificate-template","tea","tea/workflows/testarch/bmad-teach-me-testing/templates/certificate-template.md","1473946a9e3601e473e6c6c7c2ac2cb6cf1b7f3f22d07f1828cd3a9275158a08"
"md","checklist","tea","tea/workflows/testarch/bmad-teach-me-testing/checklist.md","8ae9620ee1d25e3758be40e05e1ec0e5f8d06f47b9a8c77ae1e2eb965d9b3ff0"
"md","checklist","tea","tea/workflows/testarch/bmad-testarch-atdd/checklist.md","4af3b837cc5ce6a9f8177e153c61929060e08686607c375e4527c7cc993b2c70"
"md","checklist","tea","tea/workflows/testarch/bmad-testarch-automate/checklist.md","cd132e3d4cf6e8164d0483e3f4abaa47e3ae81684d15673868a09de8d66fe94f"
"md","checklist","tea","tea/workflows/testarch/bmad-testarch-ci/checklist.md","a8b45cb926b53b6e16419db396c6f4c21aafb9a4022698971bcbd8622e805037"
"md","checklist","tea","tea/workflows/testarch/bmad-testarch-framework/checklist.md","57d0b2e495e352b96cdc2cf7218808d29ad502410c4c08049c85d04cf7364de7"
"md","checklist","tea","tea/workflows/testarch/bmad-testarch-nfr/checklist.md","7c940c238a25a53a6732ce2b5c74ae1e3fef020f61d032e03477024701462b5d"
"md","checklist","tea","tea/workflows/testarch/bmad-testarch-test-design/checklist.md","03f0058ceaa2bc2b8081b39db2c79293afb2a9e24cbce475770f2dbc0b97436d"
"md","checklist","tea","tea/workflows/testarch/bmad-testarch-test-review/checklist.md","5349341939bad271adae217749a0b960873d4a35dcb5f2f249bcfa5790c10617"
"md","checklist","tea","tea/workflows/testarch/bmad-testarch-trace/checklist.md","0fed29772d3b5c32bd447ae3631b91d5a8eaef4bf265337a061415545defe1c6"
"md","ci-burn-in","tea","tea/testarch/knowledge/ci-burn-in.md","cc9ca53c62b910872e399ec1d378542e211e70563ddbce9aba84af253e0c74ac"
"md","component-tdd","tea","tea/testarch/knowledge/component-tdd.md","88bd1f9ca1d5bcd1552828845fe80b86ff3acdf071bac574eda744caf7120ef8"
"md","contract-testing","tea","tea/testarch/knowledge/contract-testing.md","67c706135f3fd8fde5d112acbff37dc75a5ef847729752bc92bd735d6d85f393"
"md","data-factories","tea","tea/testarch/knowledge/data-factories.md","d7428fe7675da02b6f5c4c03213fc5e542063f61ab033efb47c1c5669b835d88"
"md","email-auth","tea","tea/testarch/knowledge/email-auth.md","43f4cc3138a905a91f4a69f358be6664a790b192811b4dfc238188e826f6b41b"
"md","error-handling","tea","tea/testarch/knowledge/error-handling.md","38975ebe2655b4d85035d8e740aef63fdef63dc31f9acf530142788060f62153"
"md","feature-flags","tea","tea/testarch/knowledge/feature-flags.md","5b3cf037169719e69d468ff2ecfc94711bc41fd3e330c6f81a404163bb09fdba"
"md","file-utils","tea","tea/testarch/knowledge/file-utils.md","7d1092930118fb160b9c0a4a48c398d9b08bb909d1e2432662d8e81e1e3b0087"
"md","fixture-architecture","tea","tea/testarch/knowledge/fixture-architecture.md","c0c62381e7a0385fe0d8b59861a3756994d3bbc673e4605ded9607d5217c7e55"
"md","fixtures-composition","tea","tea/testarch/knowledge/fixtures-composition.md","8e57a897663a272fd603026aeec76941543c1e09d129e377846726fd405f3a5a"
"md","instructions","tea","tea/workflows/testarch/bmad-teach-me-testing/instructions.md","40c4eed58b058a9cc8cab7d32f3dbb1960e535c6456620b46e12ebfbd7692506"
"md","instructions","tea","tea/workflows/testarch/bmad-testarch-atdd/instructions.md","ea47f7bd4668dbf3cea6d6692de799cd9f1f945b75f3457b771725449aa7c83a"
"md","instructions","tea","tea/workflows/testarch/bmad-testarch-automate/instructions.md","a330f40935ad454eb684d5ec22fa9abda49d158df0ba37d63cc97808a57d9741"
"md","instructions","tea","tea/workflows/testarch/bmad-testarch-ci/instructions.md","f0249b895246c71fa9e486b9090293596ce3f2a0d9b15f3a275f3206303a8805"
"md","instructions","tea","tea/workflows/testarch/bmad-testarch-framework/instructions.md","90a2618ab99fedecd6df0457aa836a393362e93180654669f8d2c27bb267f2d5"
"md","instructions","tea","tea/workflows/testarch/bmad-testarch-nfr/instructions.md","ea2abf088ba7138640ff458041c38bffb80ea04617f56751fc9c7d7c002e9329"
"md","instructions","tea","tea/workflows/testarch/bmad-testarch-test-design/instructions.md","9908ea552ae93255929086c85a11ee068dcd4748fc44e7e8189e9f3ca7e7d75e"
"md","instructions","tea","tea/workflows/testarch/bmad-testarch-test-review/instructions.md","bf7fa4a84baa56a94bd5f0da74c14aba2e2262bd4a419443009293d8a2d47b90"
"md","instructions","tea","tea/workflows/testarch/bmad-testarch-trace/instructions.md","cdb83252c5ed11cd40907c18ad42277d5a3aa6d6c9ad2cf9953956be7471e08c"
"md","intercept-network-call","tea","tea/testarch/knowledge/intercept-network-call.md","ac8213cc28a9f9c452a6fb419356dd1d66ce495d7f29d188fcb1bb51456ba869"
"md","log","tea","tea/testarch/knowledge/log.md","54b09992275e1ab361bf109b342a7d487cbb5bafa4e9cc48b320a1a5eb11857f"
"md","network-error-monitor","tea","tea/testarch/knowledge/network-error-monitor.md","c9041fd4af8162580a12c7adad79fdf7539fae7d6717fe7dace05e851c1b734c"
"md","network-first","tea","tea/testarch/knowledge/network-first.md","2920e58e145626f5505bcb75e263dbd0e6ac79a8c4c2ec138f5329e06a6ac014"
"md","network-recorder","tea","tea/testarch/knowledge/network-recorder.md","6ae5ee35a9f1816dc4bf7c4573f6be931a16567d697ff463867819cc39a3268d"
"md","nfr-criteria","tea","tea/testarch/knowledge/nfr-criteria.md","e63cee4a0193e4858c8f70ff33a497a1b97d13a69da66f60ed5c9a9853025aa1"
"md","nfr-report-template","tea","tea/workflows/testarch/bmad-testarch-nfr/nfr-report-template.md","452ac39fb19ccd6bbd2185a99c5fc431a7ba134cd641482cfa9a9f5c91a2bffa"
"md","overview","tea","tea/testarch/knowledge/overview.md","25ca75c93fbcef398c7ec7a201ece881f6f3a15f86cfc0a19a04b90a2c6dddbf"
"md","pact-consumer-di","tea","tea/testarch/knowledge/pact-consumer-di.md","c3883f65512dcebb78e611d9091fb8091f211b098685adb81719faefa365d793"
"md","pact-consumer-framework-setup","tea","tea/testarch/knowledge/pact-consumer-framework-setup.md","ed317c633c81dfe18166a68b777e30cc0fd13e94d284e996bad4aa365ea3de43"
"md","pact-mcp","tea","tea/testarch/knowledge/pact-mcp.md","c98b5bb74aa238af47aab8a00bee20afd25ceda7e50381ff4f18f6a91f9e6045"
"md","pactjs-utils-consumer-helpers","tea","tea/testarch/knowledge/pactjs-utils-consumer-helpers.md","3923dc48fb0e58646c065b93746d860bebe5bbbdd2c84246b8ad483000db1673"
"md","pactjs-utils-overview","tea","tea/testarch/knowledge/pactjs-utils-overview.md","64fcf26c2d5c7c183c8d7a83ed20d1f1857182724cfed5e92318dadb1b258584"
"md","pactjs-utils-provider-verifier","tea","tea/testarch/knowledge/pactjs-utils-provider-verifier.md","ac3e0d6e3137f927fef822a33f33d03c78d0a1ccd950fbca93ef1ef9276c109c"
"md","pactjs-utils-request-filter","tea","tea/testarch/knowledge/pactjs-utils-request-filter.md","6f900300880f2544511436fa68c24268b3b28e0498af6dc43c848047a3cbff18"
"md","playwright-cli","tea","tea/testarch/knowledge/playwright-cli.md","e6d91a73ae853aab5aefa7aebd3245f01f8fbc0d7cbd81966f16815e6c7a2c53"
"md","playwright-config","tea","tea/testarch/knowledge/playwright-config.md","6cf92e96ba3af753da3cf627f7c44b9090a590a35f1d24f6849cd5d20bd1b678"
"md","probability-impact","tea","tea/testarch/knowledge/probability-impact.md","446dba0caa1eb162734514f35366f8c38ed3666528b0b5e16c7f03fd3c537d0f"
"md","README","tea","tea/workflows/testarch/README.md","044c8c0207041e6f48eaca87a0b240f30dff8ed6d5253fd4f4f5e47d44825e86"
"md","recurse","tea","tea/testarch/knowledge/recurse.md","7937897b8d8fd74ab647634fb549ba9344e86d39f9a705e8731a7531e51ad726"
"md","risk-governance","tea","tea/testarch/knowledge/risk-governance.md","500482561420c9f2caad2eb92e5c503208adaa5ab952a317359556b3f11376f1"
"md","selective-testing","tea","tea/testarch/knowledge/selective-testing.md","060651774648174fdbff0fe7b858bd81d7c3bce8ee5a53ed7c1ba56e4dd4bbe0"
"md","selector-resilience","tea","tea/testarch/knowledge/selector-resilience.md","a55c25a340f1cd10811802665754a3f4eab0c82868fea61fea9cc61aa47ac179"
"md","session-notes-template","tea","tea/workflows/testarch/bmad-teach-me-testing/templates/session-notes-template.md","bdcc8dac35ed5ce2c7a95ab0fd55b2dfa27e3173ed1f5d78e44f8755514e1c70"
"md","SKILL","tea","tea/workflows/testarch/bmad-teach-me-testing/SKILL.md","1ae9a9e31257ce5fd96db671790b210889a96b51d8e3b52fe1595e1d30e1af40"
"md","SKILL","tea","tea/workflows/testarch/bmad-testarch-atdd/SKILL.md","e35f3f853bfec58d1b04f00a687c54921d19495e6b2045c9b21a10d651d5565b"
"md","SKILL","tea","tea/workflows/testarch/bmad-testarch-automate/SKILL.md","9f48ff94935c6c46c91a2581f5ce488294faa0cc3c2df68d96d8df127c414579"
"md","SKILL","tea","tea/workflows/testarch/bmad-testarch-ci/SKILL.md","bfc0ce37f12b9b699d3613bfcc8a05330a4f8f0eb583518a1fb3db0fd0da7c9a"
"md","SKILL","tea","tea/workflows/testarch/bmad-testarch-framework/SKILL.md","09cce11e802bc4f8eb88301ecddf8ee1517dc956145f525d2c31a09fd3138c4c"
"md","SKILL","tea","tea/workflows/testarch/bmad-testarch-nfr/SKILL.md","fd94d3eb73af74b7ebc76d5309835783eb964e0828b96b49dce5af4efd2014ff"
"md","SKILL","tea","tea/workflows/testarch/bmad-testarch-test-design/SKILL.md","e7c6e3357e048e41631a52d00427866cfd7407ff2ad885ffb02a1316243655c5"
"md","SKILL","tea","tea/workflows/testarch/bmad-testarch-test-review/SKILL.md","8695616858418510b59b6876b3d9cf72240ee035af36d6c55543bc3ba8414b51"
"md","SKILL","tea","tea/workflows/testarch/bmad-testarch-trace/SKILL.md","2bea8f5abd934499f99b36c2790142d001121333c24aba72bbbc460901f46ae0"
"md","step-01-assess","tea","tea/workflows/testarch/bmad-testarch-atdd/steps-e/step-01-assess.md","a98e5d250cd980cbe6bdc33682763512622eee8db3610d42f85e621df6eecf2d"
"md","step-01-assess","tea","tea/workflows/testarch/bmad-testarch-automate/steps-e/step-01-assess.md","a98e5d250cd980cbe6bdc33682763512622eee8db3610d42f85e621df6eecf2d"
"md","step-01-assess","tea","tea/workflows/testarch/bmad-testarch-ci/steps-e/step-01-assess.md","a98e5d250cd980cbe6bdc33682763512622eee8db3610d42f85e621df6eecf2d"
"md","step-01-assess","tea","tea/workflows/testarch/bmad-testarch-framework/steps-e/step-01-assess.md","a98e5d250cd980cbe6bdc33682763512622eee8db3610d42f85e621df6eecf2d"
"md","step-01-assess","tea","tea/workflows/testarch/bmad-testarch-nfr/steps-e/step-01-assess.md","a98e5d250cd980cbe6bdc33682763512622eee8db3610d42f85e621df6eecf2d"
"md","step-01-assess","tea","tea/workflows/testarch/bmad-testarch-test-design/steps-e/step-01-assess.md","a98e5d250cd980cbe6bdc33682763512622eee8db3610d42f85e621df6eecf2d"
"md","step-01-assess","tea","tea/workflows/testarch/bmad-testarch-test-review/steps-e/step-01-assess.md","a98e5d250cd980cbe6bdc33682763512622eee8db3610d42f85e621df6eecf2d"
"md","step-01-assess","tea","tea/workflows/testarch/bmad-testarch-trace/steps-e/step-01-assess.md","a98e5d250cd980cbe6bdc33682763512622eee8db3610d42f85e621df6eecf2d"
"md","step-01-detect-mode","tea","tea/workflows/testarch/bmad-testarch-test-design/steps-c/step-01-detect-mode.md","48696d5760479dd78b9f45e6e87721acef95e54c3aee2e618f6bb485f05a74c6"
"md","step-01-init","tea","tea/workflows/testarch/bmad-teach-me-testing/steps-c/step-01-init.md","9a4ac8b773ebf75653d648d668a58c21d7e8ebae979e1dfd1a04e1bafb2eeaa9"
"md","step-01-load-context","tea","tea/workflows/testarch/bmad-testarch-nfr/steps-c/step-01-load-context.md","1bd9a9d8fa6a456d7a1466956a476698b0ee70ebb621f0070c440f40e0bfba96"
"md","step-01-load-context","tea","tea/workflows/testarch/bmad-testarch-test-review/steps-c/step-01-load-context.md","151c2dd262d13ffc692cb8601c922f9fe46736f60aa753c71dbd8fd9313b89ad"
"md","step-01-load-context","tea","tea/workflows/testarch/bmad-testarch-trace/steps-c/step-01-load-context.md","3527da6233a1821bc89683a83d8299810a6892753955bd91f863d7fd3f692de4"
"md","step-01-preflight","tea","tea/workflows/testarch/bmad-testarch-ci/steps-c/step-01-preflight.md","fbff84d7fb1680a7b887fb8c1874cf5dbdeec3a200b8746cc9681d65ce692277"
"md","step-01-preflight","tea","tea/workflows/testarch/bmad-testarch-framework/steps-c/step-01-preflight.md","df7d70e9feac8df36fb89b449545fca6b739700e23f696b582c9d90122feba33"
"md","step-01-preflight-and-context","tea","tea/workflows/testarch/bmad-testarch-atdd/steps-c/step-01-preflight-and-context.md","f396156e6f465120cb5a04a5a71fc752b9ca68b1adba834b71f878175e3173f6"
"md","step-01-preflight-and-context","tea","tea/workflows/testarch/bmad-testarch-automate/steps-c/step-01-preflight-and-context.md","59eb82f3177dc0e3fae6fe04ea80337a323d3476dfd0ce210a566fb64243e245"
"md","step-01-validate","tea","tea/workflows/testarch/bmad-testarch-atdd/steps-v/step-01-validate.md","b9951eb60134b511fb26a0af757b8c89fbbe4a6fc9620cfbae6b74cb9d312da5"
"md","step-01-validate","tea","tea/workflows/testarch/bmad-testarch-automate/steps-v/step-01-validate.md","f0044d7db87235d5814ae02217bff4e9cfe6b4457a37917e31c48d04be3b765d"
"md","step-01-validate","tea","tea/workflows/testarch/bmad-testarch-ci/steps-v/step-01-validate.md","fd26ab264a9fa937bc94f99327d1ecfa9977b6ebc99aec90d7354fbcaf22188c"
"md","step-01-validate","tea","tea/workflows/testarch/bmad-testarch-framework/steps-v/step-01-validate.md","63a16923831596800fd4dd7c7bb3aefe1cd11dcf1caa6c822fdc4ec9df8f7926"
"md","step-01-validate","tea","tea/workflows/testarch/bmad-testarch-nfr/steps-v/step-01-validate.md","f6115af429f6e1ad012dce12fb9692b471f5245340060f00e85c5830c716c2c1"
"md","step-01-validate","tea","tea/workflows/testarch/bmad-testarch-test-design/steps-v/step-01-validate.md","34885b7d44716847b7e349520a5f14dcbaea2c330b53c4062892e436ca23be96"
"md","step-01-validate","tea","tea/workflows/testarch/bmad-testarch-test-review/steps-v/step-01-validate.md","4bf0c205961ba0aa642efee9cd5d8234284b158ebf1ab17b47963a7695d6f815"
"md","step-01-validate","tea","tea/workflows/testarch/bmad-testarch-trace/steps-v/step-01-validate.md","5b024f898b7665a0d53976a045aa99d0ea95089fd368bc3149b48bc48866a4ed"
"md","step-01b-continue","tea","tea/workflows/testarch/bmad-teach-me-testing/steps-c/step-01b-continue.md","6640cc4b88a8c52655491546fedd4e41396e81ec1f635ce8679f96a350921537"
"md","step-01b-resume","tea","tea/workflows/testarch/bmad-testarch-atdd/steps-c/step-01b-resume.md","029818d17dce00980da53768cc2e82720fba35591714853887f0e51198b99f13"
"md","step-01b-resume","tea","tea/workflows/testarch/bmad-testarch-automate/steps-c/step-01b-resume.md","60153862c91240326628d85284357dbd7688636b43c5a04c00a96926aeb71d3b"
"md","step-01b-resume","tea","tea/workflows/testarch/bmad-testarch-ci/steps-c/step-01b-resume.md","b1e63561bfc0808481e6c408c94d4c1fcf12e0b204c8a9d9d0974040ab65d02d"
"md","step-01b-resume","tea","tea/workflows/testarch/bmad-testarch-framework/steps-c/step-01b-resume.md","c9e5bffd9fa15d28089442b960e3fb6c72a2f04c6cae911378d7362af9b77296"
"md","step-01b-resume","tea","tea/workflows/testarch/bmad-testarch-nfr/steps-c/step-01b-resume.md","4db8d8f53e0e42023971c9175e65d85fc936bbf77165e81c09e79f0e80db120a"
"md","step-01b-resume","tea","tea/workflows/testarch/bmad-testarch-test-design/steps-c/step-01b-resume.md","b4eeb6b1687a5a94bef7c8b9492b1ff3e0c6a7ee57e6a04b19229d32044effd0"
"md","step-01b-resume","tea","tea/workflows/testarch/bmad-testarch-test-review/steps-c/step-01b-resume.md","eea2c5d20b738ee20d182632ba60eda3af524421f5eeded7a06ad9adb5dff44c"
"md","step-01b-resume","tea","tea/workflows/testarch/bmad-testarch-trace/steps-c/step-01b-resume.md","4d589f5b86d5c2766e59e9b5ad1bddef1cf3cb815aeffb4b6bf3b004f5b2c141"
"md","step-02-apply-edit","tea","tea/workflows/testarch/bmad-testarch-atdd/steps-e/step-02-apply-edit.md","053a6c2c2a7605a0fb942e2f72c0a52e46eab993cf100883a3f40d2eb271b612"
"md","step-02-apply-edit","tea","tea/workflows/testarch/bmad-testarch-automate/steps-e/step-02-apply-edit.md","053a6c2c2a7605a0fb942e2f72c0a52e46eab993cf100883a3f40d2eb271b612"
"md","step-02-apply-edit","tea","tea/workflows/testarch/bmad-testarch-ci/steps-e/step-02-apply-edit.md","053a6c2c2a7605a0fb942e2f72c0a52e46eab993cf100883a3f40d2eb271b612"
"md","step-02-apply-edit","tea","tea/workflows/testarch/bmad-testarch-framework/steps-e/step-02-apply-edit.md","053a6c2c2a7605a0fb942e2f72c0a52e46eab993cf100883a3f40d2eb271b612"
"md","step-02-apply-edit","tea","tea/workflows/testarch/bmad-testarch-nfr/steps-e/step-02-apply-edit.md","053a6c2c2a7605a0fb942e2f72c0a52e46eab993cf100883a3f40d2eb271b612"
"md","step-02-apply-edit","tea","tea/workflows/testarch/bmad-testarch-test-design/steps-e/step-02-apply-edit.md","053a6c2c2a7605a0fb942e2f72c0a52e46eab993cf100883a3f40d2eb271b612"
"md","step-02-apply-edit","tea","tea/workflows/testarch/bmad-testarch-test-review/steps-e/step-02-apply-edit.md","053a6c2c2a7605a0fb942e2f72c0a52e46eab993cf100883a3f40d2eb271b612"
"md","step-02-apply-edit","tea","tea/workflows/testarch/bmad-testarch-trace/steps-e/step-02-apply-edit.md","053a6c2c2a7605a0fb942e2f72c0a52e46eab993cf100883a3f40d2eb271b612"
"md","step-02-assess","tea","tea/workflows/testarch/bmad-teach-me-testing/steps-c/step-02-assess.md","21a2f9f2ef55cc191ccf840cc25df325b21b339244d8ab7dd5649dd3d3b33878"
"md","step-02-define-thresholds","tea","tea/workflows/testarch/bmad-testarch-nfr/steps-c/step-02-define-thresholds.md","1884465177bc20061a4ffbd3e61701b160ad79a49eec1038e2b55e15edbe1e34"
"md","step-02-discover-tests","tea","tea/workflows/testarch/bmad-testarch-test-review/steps-c/step-02-discover-tests.md","1177af35cdf901a16988eeca2651432b7353becb77512b71979238fe6c38ba08"
"md","step-02-discover-tests","tea","tea/workflows/testarch/bmad-testarch-trace/steps-c/step-02-discover-tests.md","7e9b87ac2a870b075eab8e03c3ebb07f03b7cd458c3dbdef1502078b29d3df36"
"md","step-02-generate-pipeline","tea","tea/workflows/testarch/bmad-testarch-ci/steps-c/step-02-generate-pipeline.md","ffa5248d23ac2d844581d5ddc9c87facce040b8ed5a54a4ddc393814e894d2dd"
"md","step-02-generation-mode","tea","tea/workflows/testarch/bmad-testarch-atdd/steps-c/step-02-generation-mode.md","2fa9c59ecba5b9bf0c793d408d8827c6ff06478394d5220fddadc88834061c72"
"md","step-02-identify-targets","tea","tea/workflows/testarch/bmad-testarch-automate/steps-c/step-02-identify-targets.md","a03c8c759a184bef4f9cede1ec193ad7ef63eac4dbf1468303c1799c36dad9b4"
"md","step-02-load-context","tea","tea/workflows/testarch/bmad-testarch-test-design/steps-c/step-02-load-context.md","b579018577ffe7f03d5dbeb80ea5899a886fd68e3590d2330fe62ed3fde43ac6"
"md","step-02-select-framework","tea","tea/workflows/testarch/bmad-testarch-framework/steps-c/step-02-select-framework.md","0ab007159ec56a5ea42cb3de56b4456daf660e5f9bdc73cf9e4fd4e650ebe782"
"md","step-03-configure-quality-gates","tea","tea/workflows/testarch/bmad-testarch-ci/steps-c/step-03-configure-quality-gates.md","94644196c0ecd496ff1c4edf2a0fced911ca6803e99cfdf2e4a48bc80d4f4367"
"md","step-03-gather-evidence","tea","tea/workflows/testarch/bmad-testarch-nfr/steps-c/step-03-gather-evidence.md","9b74446085e31d5113dcbfc0f1f14854099faa269df70e0fbbcf5be2f94c7ed6"
"md","step-03-generate-tests","tea","tea/workflows/testarch/bmad-testarch-automate/steps-c/step-03-generate-tests.md","dea229e40e2c2c1ecd9eba16a4b1f3836b13c165ed54ed266624bf3217ee62be"
"md","step-03-map-criteria","tea","tea/workflows/testarch/bmad-testarch-trace/steps-c/step-03-map-criteria.md","8459317d5db9ca972b4892b85698ee4edd521902a098344e692c6d9bcc18a704"
"md","step-03-quality-evaluation","tea","tea/workflows/testarch/bmad-testarch-test-review/steps-c/step-03-quality-evaluation.md","706f114f1e13e824c55ae1620086103c89121ad155ca911ab1530832e972b86e"
"md","step-03-risk-and-testability","tea","tea/workflows/testarch/bmad-testarch-test-design/steps-c/step-03-risk-and-testability.md","6bd73e152520edb7ac302dbbbb015829ed82fbff135a5d1d5ef1b961ae8ffece"
"md","step-03-scaffold-framework","tea","tea/workflows/testarch/bmad-testarch-framework/steps-c/step-03-scaffold-framework.md","e6890be407db76676966a3e907449f21200a9e371fd5ec9a7d6898dee622399e"
"md","step-03-session-menu","tea","tea/workflows/testarch/bmad-teach-me-testing/steps-c/step-03-session-menu.md","cdd71419e3d2e4c22132d66a9be1149235c2b59cef39cb75c0608c05ac072d6f"
"md","step-03-test-strategy","tea","tea/workflows/testarch/bmad-testarch-atdd/steps-c/step-03-test-strategy.md","7bf8961677a75612b2be69e9a91d908fb5cc68d73dadff77f1012a321b871508"
"md","step-03a-subagent-api","tea","tea/workflows/testarch/bmad-testarch-automate/steps-c/step-03a-subagent-api.md","a7aa0bdb6b30cb7a8a7b2d765613d9d0f254dfab38be8a850b44c23de93fc450"
"md","step-03a-subagent-determinism","tea","tea/workflows/testarch/bmad-testarch-test-review/steps-c/step-03a-subagent-determinism.md","8ac77c72ac9b304dbb1f4f1f7ace91c162c1853634b210a331f2f10f583fccbb"
"md","step-03b-subagent-backend","tea","tea/workflows/testarch/bmad-testarch-automate/steps-c/step-03b-subagent-backend.md","467714d0a7a917fbc208afbcf70bcd2b7dd4db452e05f2c2c37a5b2e41ffe36c"
"md","step-03b-subagent-e2e","tea","tea/workflows/testarch/bmad-testarch-automate/steps-c/step-03b-subagent-e2e.md","d35388949aad5db13ce4068df95712520050542fa6cfd274e4f6528697acbfa0"
"md","step-03b-subagent-isolation","tea","tea/workflows/testarch/bmad-testarch-test-review/steps-c/step-03b-subagent-isolation.md","67326e3f4a8f9649e02be6c96dabedbd189c4018529d05db83127c17043e68e7"
"md","step-03c-aggregate","tea","tea/workflows/testarch/bmad-testarch-automate/steps-c/step-03c-aggregate.md","653e65646a3787472a61722a2f51596e224e3f5c82bd820baba887c35d92ee5f"
"md","step-03c-subagent-maintainability","tea","tea/workflows/testarch/bmad-testarch-test-review/steps-c/step-03c-subagent-maintainability.md","40608ac2fd47e712160ce44924c9e318842d82aeaec155583aa95723716dc0ba"
"md","step-03e-subagent-performance","tea","tea/workflows/testarch/bmad-testarch-test-review/steps-c/step-03e-subagent-performance.md","94dcbe45080218fe07e6c2d7452e4223c9bcb774e107ac84b0332bfca996c915"
"md","step-03f-aggregate-scores","tea","tea/workflows/testarch/bmad-testarch-test-review/steps-c/step-03f-aggregate-scores.md","5a4f6bf6159a7618b9b6c2eb892f4986e886d25a262d8e66512579b0a656b7cb"
"md","step-04-analyze-gaps","tea","tea/workflows/testarch/bmad-testarch-trace/steps-c/step-04-analyze-gaps.md","159cd6f123d21c5878ec38b14a4a6ccc0aa52b0775681363870219fe00b7e2b4"
"md","step-04-coverage-plan","tea","tea/workflows/testarch/bmad-testarch-test-design/steps-c/step-04-coverage-plan.md","2d6d9b2dce0371d3269a0f9987a40daefce228a3febce226b9f5563ab2e1b32c"
"md","step-04-docs-and-scripts","tea","tea/workflows/testarch/bmad-testarch-framework/steps-c/step-04-docs-and-scripts.md","c6c4fe85650286744422c4ffb9184494528aef28a86d72020ac598e20b66d51d"
"md","step-04-evaluate-and-score","tea","tea/workflows/testarch/bmad-testarch-nfr/steps-c/step-04-evaluate-and-score.md","69ad31112822fbbb1c6b7d00d956ca54ba97b7297e5074f4ee36e66b68c4e56e"
"md","step-04-generate-report","tea","tea/workflows/testarch/bmad-testarch-test-review/steps-c/step-04-generate-report.md","b475dc9300a9ddde6c6f5ddb1219df094f3a766e4540bb1462c04c7ef1ce4990"
"md","step-04-generate-tests","tea","tea/workflows/testarch/bmad-testarch-atdd/steps-c/step-04-generate-tests.md","ed4a5ef22792799a492109340248489dacb0869b70e7c7e8ed871d427f791ef2"
"md","step-04-session-01","tea","tea/workflows/testarch/bmad-teach-me-testing/steps-c/step-04-session-01.md","8573a43249eb408ec201cce49d2cbb61a304b7a4ca39a88c75c4dbc364e0149b"
"md","step-04-session-02","tea","tea/workflows/testarch/bmad-teach-me-testing/steps-c/step-04-session-02.md","a4081fca2bbb9b3fc06f83006b2ec6394fcdea018be2cdff6589ac4cc2c8a6f9"
"md","step-04-session-03","tea","tea/workflows/testarch/bmad-teach-me-testing/steps-c/step-04-session-03.md","729a7193128f6bad23b7da0f0893c7f78f08057d6fed30ddf339700b22b5e78e"
"md","step-04-session-04","tea","tea/workflows/testarch/bmad-teach-me-testing/steps-c/step-04-session-04.md","4fb21909bdb382b3964723d9aa02442c588f74006fddc14a28d7dc133bc6f2dc"
"md","step-04-session-05","tea","tea/workflows/testarch/bmad-teach-me-testing/steps-c/step-04-session-05.md","abad9591931c5d39e4f9c0a5d1c0688c8b8b0891e5e20bebebbcea45db802dc2"
"md","step-04-session-06","tea","tea/workflows/testarch/bmad-teach-me-testing/steps-c/step-04-session-06.md","03ef83440e4fb0f0d11dfc884d1f88016fef213edf7db9e72ba6d469283cb8af"
"md","step-04-session-07","tea","tea/workflows/testarch/bmad-teach-me-testing/steps-c/step-04-session-07.md","5f534f33567c6151b739f462d92b1d4b2b8c869be9f7359efdeafa78d5e9e720"
"md","step-04-validate-and-summarize","tea","tea/workflows/testarch/bmad-testarch-automate/steps-c/step-04-validate-and-summarize.md","2826e30ac9b288483e7d33bf9beb9f1e970ad1b248d8ea0c80712eee3efa309e"
"md","step-04-validate-and-summary","tea","tea/workflows/testarch/bmad-testarch-ci/steps-c/step-04-validate-and-summary.md","60e0b7ba72a5ae0c2d20d78800f5b355b7d075798a8c26114315b928aa273cac"
"md","step-04a-subagent-api-failing","tea","tea/workflows/testarch/bmad-testarch-atdd/steps-c/step-04a-subagent-api-failing.md","371861a56d43d5e6b18fbe9a52326550d22b3f30226791ee0471f38e74fb123e"
"md","step-04a-subagent-security","tea","tea/workflows/testarch/bmad-testarch-nfr/steps-c/step-04a-subagent-security.md","5937d1ae8f60789609577e023803aba78bbce631b53e0981b319ec4786e63527"
"md","step-04b-subagent-e2e-failing","tea","tea/workflows/testarch/bmad-testarch-atdd/steps-c/step-04b-subagent-e2e-failing.md","3fc97f9defee8a64ebba2c5ebaa758e09810a632d04d065879932afc67e609a3"
"md","step-04b-subagent-performance","tea","tea/workflows/testarch/bmad-testarch-nfr/steps-c/step-04b-subagent-performance.md","0198f7582e8ca357d781c039720ae0b986b8dec0ab2f43214969822331ad6229"
"md","step-04c-aggregate","tea","tea/workflows/testarch/bmad-testarch-atdd/steps-c/step-04c-aggregate.md","0b3a97471c7683c6b6797db232a52a59c7f7ddad80eeafcf0d5ee4423a59a04e"
"md","step-04c-subagent-reliability","tea","tea/workflows/testarch/bmad-testarch-nfr/steps-c/step-04c-subagent-reliability.md","5d3a84eb3097458b74747edaaf93b8ac2ecefdb9f626189cf1a520a9d2f76696"
"md","step-04d-subagent-scalability","tea","tea/workflows/testarch/bmad-testarch-nfr/steps-c/step-04d-subagent-scalability.md","8a069d3377e5018f2b7ca8b142788e0da76c81b4b56af2eb380d9338e9673b45"
"md","step-04e-aggregate-nfr","tea","tea/workflows/testarch/bmad-testarch-nfr/steps-c/step-04e-aggregate-nfr.md","109e0977a95571639512a2b0fdbd28262ce4a6d0f203daa56c9630aa0066a82e"
"md","step-05-completion","tea","tea/workflows/testarch/bmad-teach-me-testing/steps-c/step-05-completion.md","8d978ed5f3954b9f5c962dd1190e2c83dceff9e3a9b0981c7e008ba02d546edd"
"md","step-05-gate-decision","tea","tea/workflows/testarch/bmad-testarch-trace/steps-c/step-05-gate-decision.md","22fd5abf5e4e378fabdfb9738e744bccb6477a37af67f3e33bb0c9c3769d5b5c"
"md","step-05-generate-output","tea","tea/workflows/testarch/bmad-testarch-test-design/steps-c/step-05-generate-output.md","652d7e6604df8d71efd08a31e66bd815bbe0fbdcc4e2ade72585b07b1bbe1bcf"
"md","step-05-generate-report","tea","tea/workflows/testarch/bmad-testarch-nfr/steps-c/step-05-generate-report.md","28246c1b3b25364090d7387bea500cd62eab86dfc937cd9f6dbc40326871fb0d"
"md","step-05-validate-and-complete","tea","tea/workflows/testarch/bmad-testarch-atdd/steps-c/step-05-validate-and-complete.md","b5b10be0212b3c7c7ee46206b4b83cd960ad291d377b6e3f8e68960a0c2d5560"
"md","step-05-validate-and-summary","tea","tea/workflows/testarch/bmad-testarch-framework/steps-c/step-05-validate-and-summary.md","8e3c857159a4af0223b3d0a7f58d4db84b330fab9e1124bd6c084fc656155e59"
"md","step-e-01-assess-workflow","tea","tea/workflows/testarch/bmad-teach-me-testing/steps-e/step-e-01-assess-workflow.md","b7b3cc8d845b79e9ef81d8c835f63bcbedc930396c0cab49a946dff1b6819e7a"
"md","step-e-02-apply-edits","tea","tea/workflows/testarch/bmad-teach-me-testing/steps-e/step-e-02-apply-edits.md","081679a34b6c02804d77156866ba9d41e1dd2952a902314b4937863ce874f27d"
"md","step-v-01-validate","tea","tea/workflows/testarch/bmad-teach-me-testing/steps-v/step-v-01-validate.md","b33a9eaac964dbe08d10ff15744f40b8118edc69844c856d4f80b9ba2da77865"
"md","test-design-architecture-template","tea","tea/workflows/testarch/bmad-testarch-test-design/test-design-architecture-template.md","39100455791354f6fb61205d096214b55f7db88c97ab5d67784f7c9b4f25238d"
"md","test-design-handoff-template","tea","tea/workflows/testarch/bmad-testarch-test-design/test-design-handoff-template.md","ce1dd24dd95244e4a511bef74a3a7cb10e5620a3a137195a31608f81ac7e7b1b"
"md","test-design-qa-template","tea","tea/workflows/testarch/bmad-testarch-test-design/test-design-qa-template.md","efd4de50c46a03e746c8a90e79396c6f1478108f61c35fb10723e49c16b67397"
"md","test-design-template","tea","tea/workflows/testarch/bmad-testarch-test-design/test-design-template.md","44c67b0890a7dca5556d8e89ba0625d70670fef7163fbfb0c22d32f179213c00"
"md","test-healing-patterns","tea","tea/testarch/knowledge/test-healing-patterns.md","b44f7db1ebb1c20ca4ef02d12cae95f692876aee02689605d4b15fe728d28fdf"
"md","test-levels-framework","tea","tea/testarch/knowledge/test-levels-framework.md","80bbac7959a47a2e7e7de82613296f906954d571d2d64ece13381c1a0b480237"
"md","test-priorities-matrix","tea","tea/testarch/knowledge/test-priorities-matrix.md","321c3b708cc19892884be0166afa2a7197028e5474acaf7bc65c17ac861964a5"
"md","test-quality","tea","tea/testarch/knowledge/test-quality.md","97b6db474df0ec7a98a15fd2ae49671bb8e0ddf22963f3c4c47917bb75c05b90"
"md","test-review-template","tea","tea/workflows/testarch/bmad-testarch-test-review/test-review-template.md","a58e8a11043cddd5fd559796b6f1012ea96c131be8f793b9ac9659fb32faf4fc"
"md","timing-debugging","tea","tea/testarch/knowledge/timing-debugging.md","c4c87539bbd3fd961369bb1d7066135d18c6aad7ecd70256ab5ec3b26a8777d9"
"md","trace-template","tea","tea/workflows/testarch/bmad-testarch-trace/trace-template.md","e7bac767e41d8667c2db82f7ebf8222516bc89350232294caa985ac0a9d7ec54"
"md","validation-report-20260127-095021","tea","tea/workflows/testarch/bmad-testarch-atdd/validation-report-20260127-095021.md","39c8d0dcaaa67d648d114d7fc9b087670af8c85377eb6513544645a5b938e7fe"
"md","validation-report-20260127-095021","tea","tea/workflows/testarch/bmad-testarch-automate/validation-report-20260127-095021.md","23b68497a6fb9d93aa7920eb28b5ad36a8f9ab2532a145255ea5878e53592f98"
"md","validation-report-20260127-095021","tea","tea/workflows/testarch/bmad-testarch-ci/validation-report-20260127-095021.md","aad800795280bad317d157a4d83ae14944b39ed4a9e5a9f34b996bc934d24af2"
"md","validation-report-20260127-095021","tea","tea/workflows/testarch/bmad-testarch-framework/validation-report-20260127-095021.md","05e86702f8cd4b1bad25b7b90c30fe266485f9116ad12af1ee50228d4169992b"
"md","validation-report-20260127-095021","tea","tea/workflows/testarch/bmad-testarch-nfr/validation-report-20260127-095021.md","5fc96e42e9b7d32b3252612ee514752346c3e29100b810a28adf996706a61589"
"md","validation-report-20260127-095021","tea","tea/workflows/testarch/bmad-testarch-test-design/validation-report-20260127-095021.md","2294b9b719227b7c083b8aecf4fc0bf6323f6b7686aec0010ba94e38ddea4aba"
"md","validation-report-20260127-095021","tea","tea/workflows/testarch/bmad-testarch-test-review/validation-report-20260127-095021.md","b370ec9724d036e262e950bbeeb244cd414cd4ae49f437d47695b2c07354f6f4"
"md","validation-report-20260127-095021","tea","tea/workflows/testarch/bmad-testarch-trace/validation-report-20260127-095021.md","a4cf09ad228331217530e473507d1a1b791d3a3cbf471007bb799fcbecbb64c7"
"md","validation-report-20260127-102401","tea","tea/workflows/testarch/bmad-testarch-atdd/validation-report-20260127-102401.md","b749c37581244d028897b78aa6470ee0b9e7a78cdc4975bfd8aed1bd3f374370"
"md","validation-report-20260127-102401","tea","tea/workflows/testarch/bmad-testarch-automate/validation-report-20260127-102401.md","3322f92f5dc4d28c07e08a6a20f7cd77c702f7de04ecba9af6975a7463d845b5"
"md","validation-report-20260127-102401","tea","tea/workflows/testarch/bmad-testarch-ci/validation-report-20260127-102401.md","38864f41d588c5b075c5e09539729e1f4101b1def47c794a68bba5a2db23cb7a"
"md","validation-report-20260127-102401","tea","tea/workflows/testarch/bmad-testarch-framework/validation-report-20260127-102401.md","e584a2aaf88cd4d65a37ab03668c523a8e55b830ea957c205acfad149febb1ef"
"md","validation-report-20260127-102401","tea","tea/workflows/testarch/bmad-testarch-nfr/validation-report-20260127-102401.md","39206e32d3ac4c93475e3444ceeac9babb3a2d94588155a944e03cd153f1e9ab"
"md","validation-report-20260127-102401","tea","tea/workflows/testarch/bmad-testarch-test-design/validation-report-20260127-102401.md","7fbef44391edac74342d14f02688176f96a291c30792fdf26721a872c1ba2b6d"
"md","validation-report-20260127-102401","tea","tea/workflows/testarch/bmad-testarch-test-review/validation-report-20260127-102401.md","13c684351c4c4ae274f3ea9827b00d7bab7daf694980f5bfc74c592aa2617f1a"
"md","validation-report-20260127-102401","tea","tea/workflows/testarch/bmad-testarch-trace/validation-report-20260127-102401.md","0774915e82411e21d505e11cf659bc1f3b7b0e252513b1de067b0c7d8c567c37"
"md","visual-debugging","tea","tea/testarch/knowledge/visual-debugging.md","916be784cb0c78ebee83698e3c4ea55d8019318dcb27a51bc36f98ed802299eb"
"md","workflow","tea","tea/workflows/testarch/bmad-teach-me-testing/workflow.md","2caf4fcd47e79f1549041adf9136a7a7d2aceaefaff1fb188954d1d7bbd983f8"
"md","workflow","tea","tea/workflows/testarch/bmad-testarch-atdd/workflow.md","d36b50c2b5646db27024bd26cf2fbe3d91a41805c9d3afab32336384a3853795"
"md","workflow","tea","tea/workflows/testarch/bmad-testarch-automate/workflow.md","8389f938a63c6c3b2d7428600239f26af12a8b4d713d7dd4b9cf3a4d35c4f6de"
"md","workflow","tea","tea/workflows/testarch/bmad-testarch-ci/workflow.md","9ca63c09af5d10e95991057f2dabd70e3c54bc332baf5de4f7046cc910aa782d"
"md","workflow","tea","tea/workflows/testarch/bmad-testarch-framework/workflow.md","6c034c1525ff221ef7fb2da7788358b4b6d781949ddf850fb51f900d0f3b7c27"
"md","workflow","tea","tea/workflows/testarch/bmad-testarch-nfr/workflow.md","9851d567b98c416cf77fb3c10dfa218163108cd2e57f4d02f2f05f32668d3d89"
"md","workflow","tea","tea/workflows/testarch/bmad-testarch-test-design/workflow.md","36bcd0062e339e4c2c496819556fb21dc67f0a6f300eea7ed216e66e2b10b4ac"
"md","workflow","tea","tea/workflows/testarch/bmad-testarch-test-review/workflow.md","a7572e4c203fe23d75f0d9769e11f9fdd8673105241ebf5b289d5033fef281ff"
"md","workflow","tea","tea/workflows/testarch/bmad-testarch-trace/workflow.md","cdbc956f8120caca3d9a44c3cf6400ebcefeff1ea34a5de32edeadb8ee216f4c"
"md","workflow-plan","tea","tea/workflows/testarch/bmad-testarch-atdd/workflow-plan.md","b86e22eff2f91249f83cdd4c5a95cfe9caff51eded0cd1b7f51912ec61349183"
"md","workflow-plan","tea","tea/workflows/testarch/bmad-testarch-automate/workflow-plan.md","3d3cd40c76dc9f0c2387bef34e9391a9d3a25fe04ea4ebedb6adb72684a3ad06"
"md","workflow-plan","tea","tea/workflows/testarch/bmad-testarch-ci/workflow-plan.md","628dae2fcc680824c0e376feca84ce05b7cd674f0d5efc935964f4e705dddeb3"
"md","workflow-plan","tea","tea/workflows/testarch/bmad-testarch-framework/workflow-plan.md","6e181a5bd34a182f85fc9886bf205f13e89e6325db282f6e0f21cd59f122b7ab"
"md","workflow-plan","tea","tea/workflows/testarch/bmad-testarch-nfr/workflow-plan.md","85ad2ae434f5fbdd55f84f4349f38ea1c72444fc5485821a8a4562a5da891b5a"
"md","workflow-plan","tea","tea/workflows/testarch/bmad-testarch-test-design/workflow-plan.md","e3b7f847205fb9c004b9772af0da7d9ed4c5038cbedd66c388d6a3b640be5a04"
"md","workflow-plan","tea","tea/workflows/testarch/bmad-testarch-test-review/workflow-plan.md","15723c03eee5bfc852cd39b843bf4435dabdf02f59a77bb8a8683c4ab8cb3ed6"
"md","workflow-plan","tea","tea/workflows/testarch/bmad-testarch-trace/workflow-plan.md","1a8d18420d10ecc4a775a858f4e55271bb8e8fca8f1fe98fa3fedaee353097d9"
"md","workflow-plan-teach-me-testing","tea","tea/workflows/testarch/bmad-teach-me-testing/workflow-plan-teach-me-testing.md","0c428ddb0613129d7798e60a820d3ae75de8dbb027a90826df203d18b6ff645a"
"yaml","azure-pipelines-template","tea","tea/workflows/testarch/bmad-testarch-ci/azure-pipelines-template.yaml","e53405833b819cd70b7226ea624236ff2490659985b0512244303dc9676acb34"
"yaml","bmad-skill-manifest","tea","tea/workflows/testarch/bmad-teach-me-testing/bmad-skill-manifest.yaml","ea1b058a23cd4fb442f2e7bc7a3a871b73391c0d18c32ddad020dd56b20425ee"
"yaml","bmad-skill-manifest","tea","tea/workflows/testarch/bmad-testarch-atdd/bmad-skill-manifest.yaml","ea1b058a23cd4fb442f2e7bc7a3a871b73391c0d18c32ddad020dd56b20425ee"
"yaml","bmad-skill-manifest","tea","tea/workflows/testarch/bmad-testarch-automate/bmad-skill-manifest.yaml","ea1b058a23cd4fb442f2e7bc7a3a871b73391c0d18c32ddad020dd56b20425ee"
"yaml","bmad-skill-manifest","tea","tea/workflows/testarch/bmad-testarch-ci/bmad-skill-manifest.yaml","ea1b058a23cd4fb442f2e7bc7a3a871b73391c0d18c32ddad020dd56b20425ee"
"yaml","bmad-skill-manifest","tea","tea/workflows/testarch/bmad-testarch-framework/bmad-skill-manifest.yaml","ea1b058a23cd4fb442f2e7bc7a3a871b73391c0d18c32ddad020dd56b20425ee"
"yaml","bmad-skill-manifest","tea","tea/workflows/testarch/bmad-testarch-nfr/bmad-skill-manifest.yaml","ea1b058a23cd4fb442f2e7bc7a3a871b73391c0d18c32ddad020dd56b20425ee"
"yaml","bmad-skill-manifest","tea","tea/workflows/testarch/bmad-testarch-test-design/bmad-skill-manifest.yaml","ea1b058a23cd4fb442f2e7bc7a3a871b73391c0d18c32ddad020dd56b20425ee"
"yaml","bmad-skill-manifest","tea","tea/workflows/testarch/bmad-testarch-test-review/bmad-skill-manifest.yaml","ea1b058a23cd4fb442f2e7bc7a3a871b73391c0d18c32ddad020dd56b20425ee"
"yaml","bmad-skill-manifest","tea","tea/workflows/testarch/bmad-testarch-trace/bmad-skill-manifest.yaml","ea1b058a23cd4fb442f2e7bc7a3a871b73391c0d18c32ddad020dd56b20425ee"
"yaml","config","tea","tea/config.yaml","d6d8122f55daf01260927af9ea1857e14970977e51773d3651adbffcc53ac809"
"yaml","curriculum","tea","tea/workflows/testarch/bmad-teach-me-testing/data/curriculum.yaml","210a80d8ec3951fce6337e2a2eb7fe4b8cbcae2ffe28185f768274b05d572263"
"yaml","github-actions-template","tea","tea/workflows/testarch/bmad-testarch-ci/github-actions-template.yaml","dbf33e640d9017650b5eed7af28f8914172a0dcfd04552a0342ef61b459b28c2"
"yaml","gitlab-ci-template","tea","tea/workflows/testarch/bmad-testarch-ci/gitlab-ci-template.yaml","af7d7e50802c1f4cbdfdfc20b0cd8a86ba5cec5b9eaedaec29e4c8aec6049ae6"
"yaml","harness-pipeline-template","tea","tea/workflows/testarch/bmad-testarch-ci/harness-pipeline-template.yaml","ed2dee2d279ecfe0bad0365950fe4f68cfa2d5a54d0d3bc50c7b85a26531c9db"
"yaml","progress-template","tea","tea/workflows/testarch/bmad-teach-me-testing/templates/progress-template.yaml","595fe007e9cecd907f0f695f581ff7c86dde770336be8134782a954d4fb6f48f"
"yaml","quiz-questions","tea","tea/workflows/testarch/bmad-teach-me-testing/data/quiz-questions.yaml","42c5e6c8703e22992cfcbbeb23d871054b15257153010efe53bf44dbc1f27b4f"
"yaml","role-paths","tea","tea/workflows/testarch/bmad-teach-me-testing/data/role-paths.yaml","c5ad85c1de113a6c403ad0f9a3588477caec72a4e4d858f41e96ebd0e4765a7a"
"yaml","session-content-map","tea","tea/workflows/testarch/bmad-teach-me-testing/data/session-content-map.yaml","0543af0912d23def025a15d43fa99d3e71f1913ef3c86b8121de6a340cc3019e"
"yaml","tea-resources-index","tea","tea/workflows/testarch/bmad-teach-me-testing/data/tea-resources-index.yaml","ad8aa2c80e20eefd0df4a6c0c6340cd796f0d231e20b8dea7ab3f0c9b15ea935"
"yaml","workflow","tea","tea/workflows/testarch/bmad-testarch-atdd/workflow.yaml","8bab9e5dd6432b1f363477e572ea3a72712cfa8ce7246f2d04a4b17ce1cbbe96"
"yaml","workflow","tea","tea/workflows/testarch/bmad-testarch-automate/workflow.yaml","812166a75f88418ecfba92f43e293ce33476275218a6b874f9d3ab3b3eb34a02"
"yaml","workflow","tea","tea/workflows/testarch/bmad-testarch-ci/workflow.yaml","367f88a326f217428654a1a2b4a7e5c497c498e7031f9e2809ca2766a0a02843"
"yaml","workflow","tea","tea/workflows/testarch/bmad-testarch-framework/workflow.yaml","13f99eb56accb5e8da5f28aabe4041b2a736472f92edd241f3f7ce3294b1f29f"
"yaml","workflow","tea","tea/workflows/testarch/bmad-testarch-nfr/workflow.yaml","5dd6e3b9d7c5e1a8735a4df32033d8cd053f2d6bd21ffa827314e73518ab2f56"
"yaml","workflow","tea","tea/workflows/testarch/bmad-testarch-test-design/workflow.yaml","8ad0fb89bbe1f00af80eeeb2ac1bc2e90c6854bc2516f23dcff8e29cb1f81579"
"yaml","workflow","tea","tea/workflows/testarch/bmad-testarch-test-review/workflow.yaml","ba98595534cdbd0a477f358de0f1dc413cbe381830e7dff4d67ace34265a3164"
"yaml","workflow","tea","tea/workflows/testarch/bmad-testarch-trace/workflow.yaml","89c7f027987023e6c341e93fafa58f0fd34849b9cbf86cf06e56f0d3955d1c31"
